Date,Species,sex,Standard.Length,Fork.Length,Total.Length,Condition
6/27/2000,Southern stingray,F,76,,,G
6/27/2000,Nurse shark,F,99,,145,E
6/27/2000,Nurse shark,?,,,200,
6/27/2000,Nurse shark,F,100,,144,E
6/27/2000,Nurse shark,M,98,,135,E
6/27/2000,Nurse shark,F,116,,174,E
6/27/2000,N.brevirostris,F,101,,130,G
6/27/2000,N.brevirostris,M,132,,173,F
6/27/2000,C.latus,,,,50,
6/27/2000,C.latus,,,,50,
6/27/2000,C.latus,,,,60,
6/28/2000,Caribbean reef shark,M,100,,138,F
6/28/2000,Caribbean reef shark,F,,,200,
6/28/2000,Caribbean reef shark,F,81,,110,F
6/28/2000,Caribbean reef shark,F,84,,113,F
6/28/2000,Caribbean reef shark,M,81,,109,F
6/28/2000,Caribbean reef shark,M,98,,136,F
6/28/2000,Southern stingray,F,80,,,G
6/28/2000,Southern stingray,F,84,,,G
6/28/2000,Nurse shark,F,114,,161,E
6/28/2000,Nurse shark,M,169,,231,E
6/28/2000,Nurse shark,F,84,,121,E
6/28/2000,Nurse shark,M,161,,212,E
6/28/2000,Nurse shark,F,100,,145,E
6/29/2000,Nurse shark,M,145,,208,E
6/28/2000,Nurse shark,M,147,,210,E
6/28/2000,Caribbean sharpnose shark,F,83,,104,E
6/28/2000,C.latus,,,,50,
6/28/2000,C.latus,,,,55,
6/28/2000,Elops saurus,,,,60,
6/29/2000,Caribbean reef shark,F,59,,81,P
6/29/2000,Nurse shark,F,108,,147,E
6/29/2000,Epinephalus guttatus,,,,30,G
6/29/2000,Epinephalus guttatus,,,,35,G
6/29/2000,Epinephalus guttatus,,,,40,G
6/29/2000,Gymnothorax funebris,,,,120,E
6/29/2000,Gymnothorax moringa,,,,60,D
6/29/2000,Gymnothorax moringa,,,,60,D
6/29/2000,Gymnothorax moringa,,,,60,D
6/29/2000,Gymnothorax moringa,,,,60,D
6/29/2000,Mycteroperca bonaci,,,,100,P
6/30/2000,Southern stingray,F,100,,,E
6/30/2000,Southern stingray,,80,,,
6/30/2000,Nurse shark,F,85,,120,G
6/30/2000,Nurse shark,M,142,,205,E
6/30/2000,Nurse shark,F,101,,147,E
6/30/2000,Nurse shark,F,105,,131,F
6/30/2000,Nurse shark,F,150,,207,E
6/30/2000,Nurse shark,M,128,,191,E
6/30/2000,Nurse shark,M,124,,168,E
6/30/2000,Nurse shark,F,111,,154,E
6/30/2000,Nurse shark,M,127,,164,E
6/30/2000,Nurse shark,F,141,,210,E
6/30/2000,Nurse shark,F,100,,140,G
6/30/2000,Nurse shark,,,,140,
6/30/2000,C.latus,,,,50,D
6/30/2000,C.latus,,,,50,
6/30/2000,Nurse shark,F,78,,106,E
7/1/2000,Caribbean reef shark,F,85,,112,G
7/1/2000,Epinephalus guttatus,,,,40,
7/1/2000,Gymnothorax moringa,,,,60,D
7/1/2000,S. barracuda,,,,90,
7/1/2000,S. barracuda,,,,110,
7/1/2000,C.falciformis,F,112,,154,D
7/1/2000,Caribbean reef shark,F,141,,187,G
7/1/2000,Gymnothorax moringa,,,,60,D
7/1/2000,Gymnothorax moringa,,,,60,D
7/1/2000,L.analis,,,,50,
7/1/2000,Lutjanus apodus,,,,40,
7/1/2000,Mycteroperca bonaci,,,,100,
7/2/2000,Nurse shark,M,127,,180,E
7/2/2000,Epinephalus striatis,,,,40,
7/4/2000,Caribbean reef shark,F,80,,108,G
7/4/2000,Nurse shark,M,115,,165,E
7/4/2000,Mycteroperca bonaci,,,,100,
7/4/2000,S. barracuda,,,,120,
7/4/2000,Caribbean reef shark,M,76,,102,G
7/4/2000,Caribbean reef shark,M,95,,130,E
7/4/2000,Nurse shark,M,147,,207,E
7/4/2000,Nurse shark,M,135,,176,E
7/4/2000,Nurse shark,M,150,,209,E
7/4/2000,Nurse shark,F,115,,165,P
7/4/2000,Nurse shark,F,96,,132,E
7/4/2000,Nurse shark,M,,,140,E
7/4/2000,Nurse shark,F,126,,180,E
7/4/2000,Epinephalus guttatus,,,,35,
7/4/2000,Epinephalus guttatus,,,,25,
7/4/2000,Epinephalus guttatus,,,,40,
7/4/2000,Epinephalus striatis,,,,40,
7/4/2000,L.analis,,,,40,
7/4/2000,L.analis,,,,40,
7/4/2000,L.analis,,,,30,
7/6/2000,Southern stingray,F,110,,,G
7/6/2000,Nurse shark,F,130,,183,E
7/6/2000,Nurse shark,M,155,,215,E
7/6/2000,Nurse shark,M,165,,231,E
7/6/2000,Caribbean sharpnose shark,F,83,,106,E
7/6/2000,S. barracuda,,,,120,
5/18/2001,Caribbean reef shark,F,85,98.4,117.4,G
5/18/2001,Nurse shark,M,156,,222,E
5/18/2001,Caribbean reef shark,F,77,86,105,P
5/18/2001,Nurse shark,M,87.2,,122.8,G
5/18/2001,Caribbean reef shark,M,75,83.4,103,G
5/18/2001,Nurse shark,M,100,,152,E
5/18/2001,Nurse shark,F,,,ca. 140,G
5/18/2001,Nurse shark,F,107.7,,167.2,E
5/18/2001,Nurse shark,M,96.2,,141,E
5/18/2001,Nurse shark,F,105,,156,E
5/18/2001,Nurse shark,M,111,,161.8,E
5/18/2001,Nurse shark,M,114,,176,E
5/18/2001,Nurse shark,M,98.2,,142.8,E
5/18/2001,Nurse shark,M,102,,148.2,E
5/18/2001,Nurse shark,M,155.4,,225,E
5/19/2001,Nurse shark,F,167,,237,E
5/19/2001,Nurse shark,F,94,,153,E
5/19/2001,L.analis,,,,,E
5/20/2001,Caribbean reef shark,M,70,79,99.2,D
5/20/2001,Caribbean reef shark,M,87,92.6,117.3,F
5/20/2001,Nurse shark,M,154.2,,205.2,E
5/20/2001,Nurse shark,M,,,ca. 120,E
5/20/2001,L.analis,,,,,
5/21/2001,C.falciformis,M,109.2,,146.6,E
5/21/2001,Caribbean reef shark,F,166.4,181,217,G
5/21/2001,Caribbean reef shark,F,148,164.8,204.4,E
5/21/2001,Caribbean reef shark,F,150,170.2,212,E
5/21/2001,Caribbean reef shark,,,,ca.190-200,E
5/21/2001,Caribbean reef shark,F,88,97,122,P
5/22/2001,Caribbean reef shark,F,151.8,167,205,E
5/22/2001,S. barracuda,,,,,
5/23/2001,C.galapagensis,F,115.2,127,153.2,F
5/23/2001,Caribbean reef shark,F,118.4,130.4,161,E
5/23/2001,Caribbean reef shark,M,71.2,79,97.4,E
5/23/2001,Caribbean reef shark,M,85.8,95.4,118.4,E
5/24/2001,Caribbean reef shark,M,125.2,,163.2,E
5/24/2001,Caribbean reef shark,M,129.4,143.8,177,E
5/24/2001,Caribbean reef shark,M,140,157.6,187.4,E
5/24/2001,Caribbean reef shark,F,100.6,112,138,D
5/24/2001,C.latus,,,,,
5/24/2001,O.chrysurus,,,,,
5/24/2001,S. barracuda,,,,,
5/25/2001,Nurse shark,M,151.4,,219.6,E
5/25/2001,Nurse shark,F,101,,145,E
5/25/2001,Nurse shark,M,123,,174.2,E
5/25/2001,Nurse shark,M,149.8,,221,E
5/25/2001,Nurse shark,M,,,ca. 190,E
5/25/2001,Nurse shark,F,147.2,,220.6,E
5/25/2001,Nurse shark,M,124.8,,180.4,E
5/25/2001,Nurse shark,F,,,ca. 205,E
5/25/2001,L. analis,,,,,
5/25/2001,L. analis,,,,,
5/25/2001,L.analis,,,,,
5/25/2001,S. barracuda,,,,,
5/25/2001,Caribbean reef shark,M,88,100.4,123.2,D
5/25/2001,Caribbean reef shark,F,72.9,82.2,104.7,E
5/25/2001,Caribbean sharpnose shark,F,75,81.8,98.8,D
5/25/2001,Caribbean sharpnose shark,F,64,70.4,84,D
5/26/2001,Southern stingray,F,,,,E
5/26/2001,Southern stingray,F,,,,E
5/26/2001,Nurse shark,F,110.4,,156.2,E
5/26/2001,Nurse shark,M,98.8,,141.8,E
5/26/2001,Nurse shark,F,102.2,,156,E
5/26/2001,Nurse shark,M,113,,166,E
5/26/2001,Nurse shark,F,110.8,,163,E
5/26/2001,Nurse shark,F,121,,167,E
5/26/2001,Nurse shark,unk,,,ca. 130,E
5/26/2001,Nurse shark,F,147.2,,210,E
5/26/2001,C.latus,,,,,
5/26/2001,C.latus,,,,,
5/28/2001,Nurse shark,M,129,,186.4,E
5/28/2001,Nurse shark,F,137.2,,195.2,E
5/28/2001,Nurse shark,F,162.2,,222.6,E
5/28/2001,Nurse shark,M,91.4,,133.2,E
5/28/2001,Nurse shark,F,123.8,,182,E
5/28/2001,L.analis,,,,,
5/29/2001,Nurse shark,M,104,,149,E
5/29/2001,Nurse shark,F,170.7,,236,E
5/29/2001,Nurse shark,M,125.6,,188.2,E
5/29/2001,S. barracuda,,,,,
5/29/2001,S. barracuda,,,,,
5/29/2001,S. barracuda,,,,,
5/29/2001,Caribbean reef shark,M,97.8,103.6,131,E
5/29/2001,Southern stingray,F,,,,F
5/29/2001,Nurse shark,M,113,,162.2,E
5/26/2002,Southern stingray,F,71.8,,,E
5/26/2002,Nurse shark,NR,,convert from feet,,E
5/26/2002,Nurse shark,F,,convert from feet,,E
5/26/2002,Nurse shark,F,,convert from feet,,E
5/26/2002,Nurse shark,F,,convert from feet,,E
5/26/2002,Nurse shark,F,,convert from feet,,E
5/26/2002,L.analis,,,,,D
5/26/2002,L.analis,,,,,D
5/26/2002,Caribbean reef shark,F,89,99.5,125.2,E
5/26/2002,Caribbean reef shark,M,62.1,67.9,90.6,G
5/26/2002,Caribbean reef shark,F,102.5,113,141.1,F
5/26/2002,Caribbean reef shark,M,90.2,99.4,123.3,E
5/26/2002,Caribbean reef shark,M,143,159,193.6,D
5/26/2002,Caribbean reef shark,F,172,193,234.1,E
5/26/2002,Caribbean reef shark,M,64.2,70.9,90.8,E
5/26/2002,Nurse shark,F,104,,142,E
5/26/2002,Nurse shark,F,121,,175,E
5/26/2002,Nurse shark,M,152.5,,225.4,E
5/26/2002,L.analis,,,,,E
5/27/2002,Caribbean reef shark,M,74.8,82,101.9,E
5/27/2002,Caribbean reef shark,F,66,72.5,91,E
5/27/2002,Caribbean reef shark,M,146,158,194,P
5/27/2002,L.analis,,,,,E
5/27/2002,L.analis,,,,,E
5/27/2002,L.analis,,,,,E
5/27/2002,L.analis,,,,,E
5/27/2002,O.chrysurus,,,,,D
5/27/2002,Southern stingray,F,,,,P
5/27/2002,Nurse shark,F,83,,125,E
5/27/2002,Nurse shark,F,90.1,,134.2,E
5/27/2002,Nurse shark,F,103.4,,163.2,E
5/27/2002,Nurse shark,F,79,,101.5,E
5/30/2002,Caribbean reef shark,,,,,E
5/30/2002,Nurse shark,NR,121,,174,E
5/30/2002,Nurse shark,M,128,,178.5,E
5/30/2002,Caribbean sharpnose shark,F,72,79,95,E
5/30/2002,C.latus,,,,,D
5/31/2002,Caribbean reef shark,F,74,85,105,E
5/31/2002,Caribbean reef shark,F,85,94,116.8,E
6/1/2002,Caribbean reef shark,M,83,94,116,E
6/1/2002,Caribbean reef shark,M,71,79,99,D
6/1/2002,Nurse shark,F,155,,200,E
6/1/2002,Nurse shark,F,115,,159,E
6/1/2002,Nurse shark,M,110,,160,F
6/1/2002,Nurse shark,M,158,,226.5,E
6/1/2002,Nurse shark,F,NR,,NR,E
6/1/2002,Nurse shark,M,113,,162,E
6/1/2002,Nurse shark,NR,NR,,ca. 150-160,E
6/1/2002,Nurse shark,F,121,,179.4,E
6/1/2002,Nurse shark,F,105,,150,E
6/1/2002,Nurse shark,M,99.5,,142.5,E
6/1/2002,Nurse shark,M,103,,149,E
6/1/2002,N.brevirostris,M,109,122,146,E
6/2/2002,Caribbean reef shark,F,70,78.5,97,E
6/2/2002,Nurse shark,M,90,,132,E
6/2/2002,Nurse shark,M,93,,133,E
6/2/2002,Nurse shark,M,115,,161,E
6/2/2002,Nurse shark,F,98,,149,E
6/2/2002,Nurse shark,F,94,,138,E
6/2/2002,L.analis,,,,,D
6/2/2002,L.analis,,,,,E
6/2/2002,L.analis,,,,,D
6/3/2002,Southern stingray,F,80,,,E
6/4/2002,Caribbean reef shark,M,69,77,94,E
6/4/2002,Caribbean reef shark,M,77,85,108,E
6/4/2002,Southern stingray,F,110,,,E
6/4/2002,Caribbean reef shark,M,60,67.5,83,D
6/4/2002,Caribbean reef shark,F,66,74,90,E
6/4/2002,Caribbean reef shark,F,64,72,88,D
6/4/2002,Nurse shark,F,105.2,,152.2,E
6/4/2002,Nurse shark,M,113.6,,162.4,E
6/4/2002,Nurse shark,M,100.4,,143.2,E
6/4/2002,Nurse shark,F,,,ca. 110,
6/4/2002,Nurse shark,,,,ca.140,
6/4/2002,Nurse shark,,,,ca.150,
6/4/2002,Nurse shark,,,,ca.170,
6/4/2002,Nurse shark,,,,ca.180,
6/4/2002,Nurse shark,M,127,,186,E
5/17/2003,Nurse shark,F,109,,155,E
5/17/2003,Nurse shark,M,94,,134,E
5/17/2003,Nurse shark,F,102,,146,E
5/17/2003,Nurse shark,M,153,,221,E
5/17/2003,Nurse shark,F,126,,182,E
5/17/2003,Nurse shark,F,110,,161,E
5/17/2003,Southern stingray,F,,,,
5/17/2003,L.analis,,,,,
5/17/2003,N.brevirostris,F,200,222,258,E
5/18/2003,Caribbean reef shark,F,75,82,102,E
5/18/2003,Caribbean sharpnose shark,F,70,76,89,E
5/18/2003,Caribbean reef shark,F,106,125,155,E
5/19/2003,Caribbean reef shark,F,110,122,153,E
5/19/2003,Caribbean reef shark,M,98,107,134,E
5/19/2003,Caribbean reef shark,M,71.4,81,99.8,E
5/19/2003,Caribbean reef shark,F,,,230,E
5/19/2003,Nurse shark,M,165,,235,E
5/19/2003,Caribbean reef shark,M,84,93,115,E
5/19/2003,Nurse shark,M,107,,157,E
5/19/2003,Nurse shark,M,150,,210,E
5/21/2003,Caribbean reef shark,F,92,107,125,E
5/21/2003,Caribbean reef shark,M,103,115,141,E
5/21/2003,Caribbean reef shark,F,100,109,133,G
5/21/2003,Caribbean reef shark,F,106,119,145,E
5/21/2003,Caribbean reef shark,F,92,103,126,G
5/21/2003,Caribbean reef shark,M,103,113,143,G
5/21/2003,Caribbean reef shark,F,114,127,160,G
5/21/2003,Caribbean reef shark,F,110,125,151,E
5/21/2003,Caribbean reef shark,F,,,201,G
5/22/2003,Caribbean reef shark,F,83.2,93,115,G
5/22/2003,Caribbean reef shark,M,102,111,141,E
5/22/2003,Caribbean reef shark,F,105,113,143,E
5/22/2003,Nurse shark,NR,,,,
5/22/2003,Caribbean reef shark,M,110,122,153,E
5/22/2003,L.analis,,,,,
5/22/2003,Caribbean reef shark,M,75,82,96.4,P
5/22/2003,Caribbean reef shark,M,130,141,170,E
5/23/2003,Caribbean reef shark,F,95,104,131,E
5/23/2003,Caribbean reef shark,,,,,E
5/23/2003,Nurse shark,M,100,,152,E
5/23/2003,Nurse shark,M,115,,169,E
5/25/2003,Nurse shark,F,123,,170,E
5/25/2003,Caribbean reef shark,M,156,170,193,E
5/25/2003,Nurse shark,F,125,,170,E
5/25/2003,Nurse shark,M,130,,181,E
5/25/2003,Nurse shark,M,131,,187,E
5/25/2003,Nurse shark,F,152,,221,E
5/25/2003,Nurse shark,F,160,,240,E
5/26/2003,Caribbean reef shark,M,66,81,94,E
5/26/2003,Nurse shark,,,,,
5/26/2003,Caribbean reef shark,F,157,174,209,D
5/26/2003,Caribbean reef shark,M,64,72,85,D
5/26/2003,Caribbean reef shark,F,100,109,135,E
5/26/2003,Nurse shark,F,149.5,,212,E
5/26/2003,Nurse shark,F,99,,170,E
5/26/2003,Nurse shark,F,100,,140,E
5/26/2003,Nurse shark,M,160,,224,E
5/26/2003,Nurse shark,F,130,,183,E
5/26/2003,Nurse shark,,,,,
5/26/2003,Nurse shark,,,,,
5/26/2003,Southern stingray,F,,,,
5/27/2003,Caribbean reef shark,M,63.3,71.3,88.1,G
5/27/2003,Caribbean reef shark,F,84.6,98,117,G
5/27/2003,Caribbean reef shark,M,66.3,74,93,G
5/27/2003,Nurse shark,M,118,,177.5,E
5/27/2003,Nurse shark,M,94,,136,E
5/27/2003,Nurse shark,M,153,,217,E
5/27/2003,Nurse shark,M,111,,158,E
5/28/2003,Caribbean reef shark,M,107,117,148,E
5/28/2003,Caribbean reef shark,F,85,99,120,E
5/28/2003,Caribbean reef shark,M,,,190.2,G
5/25/2003,Caribbean reef shark,F,71,79,98,E
5/1/2004,Caribbean reef shark,F,73.2,83,103,G
5/1/2004,C. latus,,,,,
5/1/2004,Nurse shark,F,99,,145,E
5/1/2004,Nurse shark,F,94,,136,E
5/1/2004,,,,,,
5/1/2004,Southern stingray,F,,,,
5/2/2004,Caribbean reef shark,M,141,160,197,E
5/2/2004,Nurse shark,F,114,,165,E
5/2/2004,Nurse shark,F,142,,208,E
5/2/2004,Nurse shark,F,106,,155,E
5/2/2004,Nurse shark,M,89,,128,E
5/2/2004,Nurse shark,F,101,,144,E
5/2/2004,Nurse shark,F,168,,238,E
5/2/2004,Nurse shark,F,106,,153,E
5/2/2004,Nurse shark,F,104,,141,E
5/2/2004,Nurse shark,F,116,,164,E
5/2/2004,Nurse shark,M,87,,137,E
5/2/2004,Nurse shark,M,99,,140,E
5/2/2004,Nurse shark,M,120,,182,E
5/2/2004,Nurse shark,F,113,,171,E
5/2/2004,Nurse shark,F,116,,168,E
5/3/2004,Caribbean reef shark,M,68,74,94,P
5/3/2004,Caribbean reef shark,M,71,80,100,G
5/3/2004,Caribbean reef shark,M,63,72,88,E
5/3/2004,M. bonaci,,,,,
5/3/2004,M. venenosa,,,,,
5/3/2004,Caribbean reef shark,F,74,76,91,E
5/3/2004,Caribbean reef shark,F,72,80,98,E
5/3/2004,Caribbean reef shark,F,68,75,93,E
5/3/2004,Caribbean reef shark,M,67,74,92,P
5/3/2004,Caribbean reef shark,NR,,,EST. 200,E
5/3/2004,Nurse shark,M,113,,169,E
5/4/2004,Caribbean reef shark,M,137,154,188,E
5/4/2004,Caribbean reef shark,M,70,78,96,D
5/4/2004,Caribbean reef shark,F,65,72,91,
5/4/2004,Caribbean reef shark,M,51,57,71,
5/4/2004,L. analis,,,,,
5/4/2004,L. analis,,,,,
5/4/2004,M. bonaci,,,,,
5/4/2004,Nurse shark,M,88,,137,E
5/5/2004,M. venenosa,,,,,
5/5/2004,M. bonaci,,,,,
5/5/2004,Caribbean reef shark,F,160,179,215,E
5/5/2004,Nurse shark,M,138,,200,E
5/6/2004,S. barracuda,,,,,
5/5/2004,M. bonaci,,,,,
5/5/2004,Caribbean reef shark,M,85,96,117,E
5/5/2004,Caribbean reef shark,F,96,108,134,E
5/5/2004,Nurse shark,M,105,,157,E
5/5/2004,Nurse shark,M,135,,197,E
5/5/2004,Nurse shark,F,118,,169,E
5/5/2004,Nurse shark,M,102,,147,E
5/6/2004,Nurse shark,M,106,,152,E
5/6/2004,Nurse shark,F,109,,158,E
5/6/2004,C. latus,,,,,
5/7/2004,Nurse shark,,,,,
5/7/2004,G. moringa,,,,,
5/7/2004,G. moringa,,,,,
5/7/2004,S. barracuda,,,,,
5/7/2004,Nurse shark,M,104,,155,E
5/7/2004,Nurse shark,,,,,
5/8/2004,Nurse shark,F,114,,164,G
5/8/2004,M. bonaci,,,,,
5/8/2004,Caribbean reef shark,M,73,83,101,D
5/8/2004,Nurse shark,F,81,,111,E
5/10/2004,Nurse shark,F,107,,145,E
5/10/2004,Nurse shark,M,107,,165,E
5/10/2004,Nurse shark,,,,,
5/10/2004,Nurse shark,,,,,
5/10/2004,Nurse shark,F,132,,185,E
5/11/2004,Nurse shark,F,117,,164,E
5/11/2004,Southern stingray,F,,,,
5/11/2004,Nurse shark,M,130,,183,E
5/11/2004,Southern stingray,F,,,,
5/11/2004,Nurse shark,F,,,est. 220,E
5/11/2004,Nurse shark,M,160,,231,E
5/22/2005,Caribbean reef shark,F,161,174,217,F
5/22/2005,M. bonaci,,,78.8,79.2,D
5/22/2005,Caribbean reef shark,M,123,136,167,E
5/22/2005,Caribbean reef shark,F,86,97,120,E
5/22/2005,Nurse shark,F,119,,172,E
5/22/2005,Nurse shark,F,110,,155,E
5/22/2005,Nurse shark,F,120,,174,E
5/22/2005,Nurse shark,M,122,,173,E
5/22/2005,Nurse shark,F,,,,E
5/22/2005,Nurse shark,F,112,,170,E
5/22/2005,R. porosus,F,69,76,91,D
5/23/2005,Nurse shark,M,95,,140,E
5/23/2005,Nurse shark,M,107,,170,E
5/23/2005,Nurse shark,M,117,,182,E
5/23/2005,Caribbean reef shark,M,74,81,101,E
5/23/2005,Caribbean reef shark,M,72,80,102,G
5/23/2005,R. porosus,F,76,83,98,G
5/23/2005,Caribbean reef shark,M,74,78.5,96,F
5/23/2005,Caribbean reef shark,M,94,104,127,G
5/23/2005,Southern stingray,F,,,,E
5/23/2005,Nurse shark,F,110,,172,E
5/23/2005,Nurse shark,M,119,,176,E
5/23/2005,Nurse shark,F,110,,164,E
5/23/2005,Southern stingray,F,,,,E
5/24/2005,Nurse shark,F,120,,170,E
5/24/2005,Nurse shark,F,110,,162,E
5/24/2005,Nurse shark,F,123,,177,E
5/24/2005,Nurse shark,M,108,,147,E
5/24/2005,Nurse shark,F,115,,172,E
5/24/2005,Caribbean reef shark,F,68,76,95,E
5/24/2005,Caribbean reef shark,F,89,102,124,E
5/24/2005,Caribbean reef shark,F,105,114,142,E
5/24/2005,Caribbean reef shark,M,71,80,100,E
5/24/2005,Caribbean reef shark,M,92,101,122,E
5/24/2005,Caribbean reef shark,F,69,77,96,D
5/24/2005,Nurse shark,M,129,,187,E
5/24/2005,Nurse shark,M,96,,155,E
5/24/2005,Nurse shark,M,166,,237,E
5/25/2005,Caribbean reef shark,F,59,66,80,G
5/25/2005,Caribbean reef shark,M,62,68,85,G
5/25/2005,Nurse shark,F,94,,126,E
5/25/2005,Nurse shark,F,108,,144,E
5/25/2005,S. barracuda,,,,,D
5/25/2005,Nurse shark,F,89,,131,E
5/25/2005,Nurse shark,M,94,,137,E
5/25/2005,Nurse shark,F,112,,165,E
5/25/2005,Caribbean reef shark,M,69,76,99,E
5/25/2005,G. funebris,,,,,D
5/25/2005,Nurse shark,F,160,,222,
5/25/2005,Nurse shark,,,,,
5/25/2005,Nurse shark,F,155,,226,
5/25/2005,Southern stingray,F,,,,
5/25/2005,Nurse shark,F,122,,182.5,
5/25/2005,L. analis,,21,25,27,
5/25/2005,Nurse shark,F,129,,183,
5/26/2005,M. bonaci,,,,74,
5/26/2005,M. venenosa,,,,62,
5/26/2005,Nurse shark,F,100,,152.5,E
5/26/2005,Nurse shark,F,83,,120,E
5/26/2005,Nurse shark,,,,,E
5/26/2005,Nurse shark,M,159,,222,E
5/26/2005,Nurse shark,M,133,,177,E
5/26/2005,Nurse shark,M,128,,181,E
5/27/2005,S. barracuda,,,100,107,D
5/28/2005,Southern stingray,F,,,,E
5/28/2005,Nurse shark,F,172,,240,E
5/28/2005,Nurse shark,M,123,,176,E
5/28/2005,Nurse shark,F,109,,159,E
5/28/2005,Nurse shark,M,109,,154,E
5/28/2005,Nurse shark,F,95.5,,147,E
5/28/2005,Nurse shark,F,116,,190,E
5/28/2005,Nurse shark,F,101,,145,E
5/28/2005,Nurse shark,M,,,,E
5/28/2005,Nurse shark,F,170,,178,E
5/28/2005,Southern stingray,F,,,,E
5/28/2005,Nurse shark,F,132,,195,E
5/28/2005,Nurse shark,M,104,,152,E
5/28/2005,Nurse shark,F,140,,217.5,E
5/28/2005,N. brevirostris,F,136,148,177,E
5/28/2005,Caribbean reef shark,M,84,93,110,E
5/28/2005,Nurse shark,F,109,,185,E
5/28/2005,Nurse shark,,,,,E
5/28/2005,Nurse shark,M,98,,142,E
5/28/2005,Nurse shark,,,,,E
5/28/2005,Nurse shark,,,,,E
5/28/2005,Nurse shark,F,132,,182.5,E
5/29/2005,Nurse shark,M,136,,198,E
5/29/2005,Nurse shark,M,96,,141,E
5/29/2005,R. porosus,F,62,69,83.2,G
5/29/2005,L. analis,,,65,69,D
5/30/2005,Nurse shark,M,120,,179,E
5/30/2005,Nurse shark,F,110,,161,E
5/30/2005,Nurse shark,F,136,,194,E
5/30/2005,S. barracuda,,,91,99,D
5/30/2005,Nurse shark,F,106,,159,E
5/30/2005,Caribbean reef shark,F,73,80,100,E
5/30/2005,Nurse shark,M,156,,228,E
5/30/2005,Caribbean reef shark,F,68,75,93,E
5/30/2005,Caribbean reef shark,F,71,80,96,E
5/30/2005,Caribbean reef shark,M,74,79,98,G
5/30/2005,Caribbean reef shark,F,78,86,110,G
6/1/2005,Nurse shark,F,125,,177,E
10/2/2005,Caribbean reef shark,F,111,131,150,G
10/3/2005,G. cuvier,M,199,220,253,E
10/3/2005,Caribbean reef shark,F,92,103,122,D
4/28/2006,N. brevirostris,F,136,148,174,G
4/29/2006,Nurse shark,F,110,,160,E
4/29/2006,Nurse shark,F,,,200+,E
4/29/2006,Nurse shark,M,110,,159,E
4/29/2006,Caribbean reef shark,F,71,79,95,E
4/29/2006,Nurse shark,F,120,,169,E
4/29/2006,Nurse shark,F,75,,105,E
4/29/2006,Nurse shark,F,148,,206,E
4/29/2006,Nurse shark,F,92,,113,E
4/29/2006,Nurse shark,F,115,,165,E
4/29/2006,Nurse shark,F,143,,215,E
4/30/2006,Nurse shark,M,63,,88,E
4/30/2006,L. analis,,,,,
4/30/2006,L. analis,,,,,
4/30/2006,Nurse shark,F,167,,234,E
4/30/2006,Nurse shark,F,125,,175,E
4/30/2006,Southern stingray,F,,,,
4/30/2006,Nurse shark,NR,NR,,NR,G
4/30/2006,Caribbean reef shark,M,98,110,135,G
4/30/2006,Caribbean reef shark,M,73,81,100,G
4/30/2006,Nurse shark,F,160,,225,E
5/1/2006,Nurse shark,M,95,,134,E
5/1/2006,Nurse shark,M,113,,157,E
5/1/2006,Nurse shark,M,153,,217,E
5/1/2006,Caribbean reef shark,M,,65,81,E
5/1/2006,Nurse shark,M,124,,172,E
5/1/2006,Nurse shark,M,120,,159,E
5/1/2006,Caribbean reef shark,F,63,71,90,D
5/1/2006,Caribbean reef shark,M,74,81,100,E
5/1/2006,Caribbean reef shark,F,84,92,120,G
5/1/2006,Caribbean reef shark,F,152,171,214,E
5/3/2006,Nurse shark,M,158,,205,E
5/3/2006,Caribbean reef shark,M,123,137,163,E
5/3/2006,C. latus,,,,,
5/3/2006,Caribbean reef shark,F,,,135,G
5/3/2006,Caribbean reef shark,M,77,84,101,G
5/3/2006,Nurse shark,M,170,,232,E
5/4/2006,Nurse shark,F,132,,177,E
5/4/2006,R. porosus,F,67,71,83,D
5/4/2006,Nurse shark,F,130,,168,E
5/4/2006,Nurse shark,F,154,,215,E
5/4/2006,Nurse shark,F,101,,147,E
5/4/2006,Nurse shark,F,95,,136,E
5/4/2006,Nurse shark,M,101,,144,E
5/4/2006,Southern stingray,F,,,,E
5/4/2006,L. analis,,,,,
5/5/2006,Caribbean reef shark,F,59,63,80,E
5/5/2006,Caribbean reef shark,F,64,71,90,E
5/5/2006,Caribbean reef shark,M,64,70,86,E
5/5/2006,Nurse shark,M,114,,150,E
5/5/2006,Nurse shark,,,,,E
5/5/2006,Nurse shark,M,121,,163,E
5/5/2006,Nurse shark,M,165,,229,E
5/5/2006,Nurse shark,F,108,,195,E
5/5/2006,Nurse shark,M,131,,184,E
5/6/2006,Caribbean reef shark,F,64,66,85,G
5/6/2006,Caribbean reef shark,F,58.5,62,76,G
5/6/2006,Nurse shark,F,110.5,,155.5,E
5/6/2006,Caribbean reef shark,M,58,65,79,D
5/6/2006,Caribbean reef shark,M,73,80,100,E
5/7/2006,Caribbean reef shark,F,58,63,77,E
5/7/2006,Nurse shark,F,154,,216,E
5/7/2006,Caribbean reef shark,F,69,74,93,E
5/7/2006,Caribbean reef shark,M,69,76,94,E
5/7/2006,Caribbean reef shark,F,65,71,88,E
5/8/2006,Nurse shark,M,97,,144,E
5/9/2006,Caribbean reef shark,F,100,110,136,G
5/9/2006,Caribbean reef shark,M,127,137,166,G
5/9/2006,Nurse shark,F,114,,160,E
5/9/2006,Nurse shark,M,137,,187,E
5/9/2006,Nurse shark,M,141,,187,E
4/30/2007,Caribbean sharpnose shark,F,72,79,95,E
4/30/2007,Caribbean reef shark,M,88,98,119,E
4/30/2007,Caribbean reef shark,M,80,89,111,E
5/1/2007,Caribbean reef shark,M,88,94,119,G
5/1/2007,Caribbean reef shark,F,139,153,187,P
5/1/2007,Nurse shark,F,116,,172,E
5/1/2007,L. analis,,,67,,
5/1/2007,L. analis,,,60,,
5/1/2007,L. analis,,,65,,
5/1/2007,L. analis,,,,,
5/1/2007,L. analis,,,71,,
5/1/2007,L. analis,,,,,
5/1/2007,L. analis,,,60,,
5/1/2007,Caribbean reef shark,M,104,117,143,D
5/1/2007,Caribbean reef shark,M,70,78,96,E
5/1/2007,Southern stingray,F,,,,E
5/1/2007,Nurse shark,F,108,,155,E
5/2/2007,,,,,,
5/2/2007,Nurse shark,M,125,,192,E
5/3/2007,Caribbean reef shark,F,54,62,66,E
5/3/2007,Caribbean reef shark,F,63,71,90,E
5/3/2007,Caribbean reef shark,F,80,87,110,E
5/3/2007,Caribbean reef shark,M,110,124,151,E
5/4/2007,Nurse shark,M,114,,162,E
5/4/2007,Caribbean reef shark,,,,est.100,P
5/4/2007,Caribbean reef shark,,,,est.120,D
5/4/2007,Nurse shark,F,88,,123,E
5/5/2007,,,,,,
5/5/2007,Nurse shark,M,128,,182,E
5/5/2007,Nurse shark,,,,,
5/5/2007,Caribbean reef shark,M,,,183,G
5/5/2007,Nurse shark,M,144,,188,E
5/5/2007,Caribbean sharpnose shark,F,67,73,89,D
5/6/2007,Nurse shark,F,119,,170,E
5/6/2007,Nurse shark,,,,,G
5/6/2007,Nurse shark,,,,,G
5/6/2007,Nurse shark,F,95,,137,E
5/8/2007,M.bonaci,,38,50,,E
5/8/2007,Nurse shark,F,100,,140,E
5/8/2007,G.cuvier,M,126,138,177,E
5/8/2007,Nurse shark,F,152,,215,E
5/8/2007,Nurse shark,M,71,,97,E
5/8/2007,Caribbean reef shark,M,,,195,G
5/8/2007,Nurse shark,M,117,,157,E
5/8/2007,Nurse shark,F,121,,173,E
5/9/2007,Caribbean reef shark,F,88,93,119,G
5/10/2007,Caribbean reef shark,F,66,75,91,G
5/10/2007,Caribbean reef shark,F,91,100,122,E
5/11/2007,Caribbean reef shark,F,115,128,156,E
5/11/2007,Caribbean reef shark,,,,est. 130,E
5/11/2007,Nurse shark,M,113,,163,E
5/11/2007,Nurse shark,M,132,,183,E
5/11/2007,Nurse shark,M,152,,215,E
4/30/2008,Nurse shark,M,74,,112,E
4/30/2008,Nurse shark,M,126,,185,E
4/30/2008,L. analis,,,,,
4/30/2008,Nurse shark,F,,,,
4/30/2008,Caribbean reef shark,F,88,101,125,
4/30/2008,Caribbean reef shark,,,,,
4/30/2008,Caribbean reef shark,M,81,90,102,
4/30/2008,Caribbean reef shark,F,78,87,110,
4/30/2008,Caribbean reef shark,M,68,76,95,
4/30/2008,Caribbean reef shark,M,71,77,98,
5/1/2008,NO CATCH,,,,,
5/1/2008,Caribbean reef shark,M,73,82,101,
5/1/2008,Nurse shark,F,138,,204,E
5/1/2008,Nurse shark,F,120,,170,E
5/1/2008,Nurse shark,M,108,,154,E
5/1/2008,Nurse shark,M,122,,172,E
5/1/2008,Nurse shark,M,100,,145,E
5/2/2008,Nurse shark,F,171,,235,E
5/2/2008,Southern stingray,,,,,E
5/2/2008,Nurse shark,F,113,,166,E
5/2/2008,Nurse shark,F,92,,134,E
5/2/2008,L. analis,,,,,
5/4/2008,Southern stingray,F,,,,
5/4/2008,Nurse shark,F,153,,215,E
5/4/2008,E. BONACI,,,,,
5/4/2008,Nurse shark,F,,,150 EST.,E
5/4/2008,Nurse shark,M,117,,171,E
5/4/2008,Nurse shark,M,146,,209,E
5/4/2008,C. SIGNATUS,M,162,177,216,E
5/4/2008,C. SIGNATUS,F,187,201,249,E
5/4/2008,Caribbean reef shark,M,71,77,97,E
5/4/2008,Caribbean reef shark,M,67,75,91,G
5/5/2008,Caribbean reef shark,M,62,71,87,
5/5/2008,Caribbean reef shark,M,64,73,88,
5/5/2008,C. latus,,,,,
5/5/2008,Caribbean reef shark,M,64,73,84,G
5/5/2008,R. porosus,F,61,66,81,G
5/5/2008,Nurse shark,M,95,,145,E
5/5/2008,Nurse shark,F,125,,185,E
5/5/2008,Nurse shark,M,86,,111,E
5/6/2008,Caribbean reef shark,M,68,76,91,E
5/6/2008,Caribbean reef shark,F,74,85,101,E
5/6/2008,M.bonaci,,,,,
5/6/2008,UNKNOWN-BREAKOFF,,,,,
5/6/2008,G.cuvier,F,149,161,201,E
5/6/2008,Nurse shark,F,117,,171,E
5/6/2008,Nurse shark,F,156,,224,E
5/6/2008,Nurse shark,M,137,,194,E
5/6/2008,Nurse shark,F,153,,226,E
5/6/2008,Nurse shark,,,,,
5/6/2008,Nurse shark,F,131,,195,E
5/6/2008,L. analis,,,,67,
5/6/2008,R. porosus,F,66,72,87,D
5/7/2008,Nurse shark,M,154,,224,E
5/7/2008,Nurse shark,F,145,,210,E
5/7/2008,Southern stingray,F,,,,
5/7/2008,Nurse shark,F,165,,232,E
5/7/2008,Nurse shark,M,153,,226,E
5/7/2008,Nurse shark,M,131,,192,E
5/7/2008,Nurse shark,M,140,,203,E
5/7/2008,Nurse shark,F,160,,229,E
2008,NO CATCH,,,,,
2008,C. SIGNATUS,M,175,184,224,
6/6/2009,C. FLACIFORMES,M,212,,286,
6/7/2009,Caribbean reef shark,M,57,65,80,
6/7/2009,M.bonaci,,64,71,,
6/7/2009,Caribbean reef shark,M,64,71,88,
6/7/2009,M.bonaci,,,,,
6/7/2009,M.bonaci,,,,,
6/7/2009,Caribbean reef shark,M,123,139,169,
6/7/2009,M.bonaci,,,,,
6/7/2009,M.bonaci,,,,,
6/7/2009,C. SIGNATUS,M,,,200,E
6/7/2009,C. SIGNATUS,M,153,,197,E
6/7/2009,C. SIGNATUS,M,152,169,200,D
6/7/2009,Caribbean reef shark,M,90,101,122,
6/7/2009,C. latus,F,,,,
6/7/2009,Caribbean reef shark,F,69,80,98,
6/7/2009,Caribbean reef shark,M,70,79,95,D
6/7/2009,Caribbean reef shark,F,73,83,103,D
6/7/2009,Nurse shark,F,98,,167,
6/7/2009,Nurse shark,F,107,,154,
6/7/2009,Nurse shark,F,105,,184,
6/8/2009,C. LIMBATUS,F,136,152,184,
6/8/2009,Nurse shark,M,119,,202,
6/8/2009,Caribbean reef shark,M,74,82,102,
6/9/2009,NO CATCH,,,,,
6/9/2009,Southern stingray,F,,,,
6/9/2009,Nurse shark,F,132,,219,
6/9/2009,Nurse shark,,,,,
6/9/2009,YELLOW JACK,,,,,
6/9/2009,Caribbean reef shark,F,104,115,138,
6/9/2009,Nurse shark,M,118,,171,
6/9/2009,Nurse shark,M,140,,209,
6/9/2009,Nurse shark,F,128,,182,
6/9/2009,Nurse shark,F,113,,164,
6/9/2009,C. SIGNATUS,M,153,165,200,
6/10/2009,C. SIGNATUS,M,154,171,211,
6/10/2009,C. SIGNATUS,M,155,172,207,
6/10/2009,C. SIGNATUS,M,,,,
6/11/2009,Caribbean reef shark,F,80,89,109,
6/11/2009,E. STRIATUS,,,,,E
6/12/2009,Caribbean reef shark,M,134,146,181,E
6/13/2009,Nurse shark,F,128,,187,E
6/14/2009,Nurse shark,M,104,,181,E
6/15/2009,Nurse shark,M,113,,191,E
6/12/2009,Nurse shark,F,72,,103,
6/12/2009,Nurse shark,M,107,,155,
6/12/2009,Southern stingray,F,,,,
6/12/2009,C. SIGNATUS,F,153,171,208,E
6/12/2009,C. SIGNATUS,F,,,,G
6/12/2009,E. NIVEATUS,,,,101,
6/13/2009,Caribbean reef shark,M,108,118,147,E
6/13/2009,NO CATCH,,,,,
6/14/2009,Caribbean reef shark,F,92,104,127,
6/14/2009,Nurse shark,F,154,,220,E
6/15/2009,Nurse shark,M,149,,187,
6/16/2009,Southern stingray,F,,,,
6/14/2009,NO CATCH,,,,,
6/16/2009,NO CATCH,,,,,
5/1/2010,NO CATCH,,,,,
5/1/2010,Caribbean reef shark,F,72,80,101,E
5/1/2010,Nurse shark,M,163.5,,227,E
5/1/2010,Nurse shark,M,119,,171,
5/1/2010,Nurse shark,M,124,,168,
5/2/2010,Caribbean reef shark,M,67,76,93,P
5/2/2010,Caribbean reef shark,F,,,70 EST.,P
5/2/2010,Caribbean reef shark,F,78,87,107,G
5/2/2010,Nurse shark,M,150,,225,E
5/2/2010,Nurse shark,F,130,,184,E
5/2/2010,Nurse shark,M,127,,177,E
5/2/2010,Nurse shark,M,107,,151,G
5/2/2010,Nurse shark,M,50,,92,E
5/2/2010,Nurse shark,M,108,,145,E
5/2/2010,Nurse shark,F,108,,159,G
5/3/2010,Caribbean reef shark,F,52,59,73,E
5/3/2010,E. GUTTATUS,,,,,
5/3/2010,Caribbean reef shark,F,102,111,133,G
5/3/2010,Caribbean reef shark,M,133,143,182,G
5/3/2010,Nurse shark,M,149,,223,G
5/4/2010,R. porosus,F,,,100 EST,
5/4/2010,Nurse shark,F,119,,165,
5/4/2010,Nurse shark,F,77,,107,
5/4/2010,Nurse shark,M,61,,92,
5/4/2010,Nurse shark,F,117,,165,
5/4/2010,Nurse shark,F,120,,168,
5/5/2010,Southern stingray,F,,,,
5/5/2010,Nurse shark,F,111,,192,
5/5/2010,Nurse shark,M,145,,208,
5/5/2010,Caribbean reef shark,M,95,105,129,
5/5/2010,Caribbean reef shark,M,111,121,149,
5/5/2010,Caribbean reef shark,M,69,76,96,
5/5/2010,Caribbean reef shark,M,131,142,174,
5/5/2010,NO CATCH,,,,,
5/7/2010,Nurse shark,M,109,,155,
5/7/2010,S. BARRACUDA,,,,,
5/8/2010,UNKNOWN-BREAKOFF,,,,,
5/8/2010,M.bonaci,,,,,
5/8/2010,NO CATCH,,,,,
5/9/2010,Caribbean reef shark,M,68,74,92,
5/9/2010,,,,,,
5/9/2010,M.bonaci,,,,,
5/9/2010,M.bonaci,,,,,
5/9/2010,Nurse shark,F,163,,229,
5/9/2010,Nurse shark,F,158,,232,
5/10/2010,Caribbean reef shark,F,71,81,95,G
5/10/2010,M.bonaci,,,,,
5/10/2010,Nurse shark,M,100,,138,
5/10/2010,Nurse shark,F,77,,104,
5/10/2010,Nurse shark,F,94,,126,G
5/10/2010,E. NIVEATUS,,,,,
5/10/2010,M.bonaci,,,,,
5/22/2011,Caribbean reef shark,F,68.22,77.1,96.2,E
5/22/2011,Nurse shark,M,100,,140,E
5/22/2011,Southern stingray,,,,,
5/22/2011,Southern stingray,F,,,,
5/22/2011,Southern stingray,F,,,,
5/22/2011,Nurse shark,F,116,,157,
5/22/2011,Nurse shark,M,128,,180,
5/23/2011,Caribbean reef shark,F,160,174,214,G
5/23/2011,E. striatus,,34.5,,43,
5/23/2011,NO CATCH,,,,,
5/24/2011,Caribbean reef shark,M,69,78,96,E
5/24/2011,Caribbean reef shark,M,72,82,101,E
5/24/2011,Caribbean reef shark,M,65,73,91,E
5/24/2011,M.bonaci,,62,,80,
5/24/2011,Caribbean reef shark,F,91,98,117,E
5/24/2011,Caribbean reef shark,M,135,147,179,E
5/25/2011,Caribbean reef shark,M,70,77,94,E
5/25/2011,G. cuvier,F,162,171,217,E
5/25/2011,M.bonaci,,58,,70,E
5/25/2011,S. barracuda,,81,92,101,
5/26/2011,N. brevirostris,M,137,155,182,E
5/25/2011,Nurse shark,M,102,,163,E
6/6/2011,N. brevirostris,F,144,160,193,
6/7/2011,Caribbean reef shark,F,74,84,105,E
6/7/2011,Caribbean reef shark,F,100,111,140,E
6/7/2011,Nurse shark,M,73,,94,G
6/8/2011,Caribbean reef shark,M,66,76,91,G
6/8/2011,Caribbean reef shark,M,96,108,134,E
6/8/2011,Caribbean reef shark,M,69,79,95,E
6/8/2011,Caribbean reef shark,M,86,96,122,E
6/8/2011,Caribbean reef shark,F,118,134,159,
6/8/2011,Caribbean reef shark,F,73,81,102,
6/8/2011,Nurse shark,F,110,,160,E
6/8/2011,Nurse shark,F,120,,161,E
6/9/2011,Caribbean reef shark,M,65,72.4,90,E
6/9/2011,Caribbean reef shark,M,78,87,116.1,E
6/9/2011,Caribbean reef shark,M,70,78,98,F
6/9/2011,Caribbean reef shark,M,125,138,170,G
6/9/2011,Caribbean reef shark,M,82,91,115,E
6/9/2011,Caribbean reef shark,F,70,79,97,E
6/9/2011,R. porosus,F,74,81,97,G
6/9/2011,R. porosus,F,66,73,87,G
6/9/2011,C. latus,,54,64,70,
6/9/2011,C. latus,,60,69,80,
6/9/2011,Caribbean reef shark,M,70,80,96,E
6/9/2011,Caribbean reef shark,F,84,97,118,E
6/9/2011,Caribbean reef shark,M,71,81,100,E
6/9/2011,Caribbean reef shark,F,112,126,156,E
6/9/2011,Nurse shark,F,152,,213,
6/10/2011,Nurse shark,F,167,,235,E
6/10/2011,Caribbean reef shark,M,72,83,99,E
6/10/2011,Nurse shark,M,128,,178,E
6/11/2011,Caribbean reef shark,M,111,127,153,E
6/11/2011,NO CATCH,,,,,
6/16/2011,Caribbean reef shark,M,142,156,187,F
6/16/2011,Nurse shark,M,122,,178,E
6/17/2011,NO CATCH,,,,,
6/17/2011,NO CATCH,,,,,
6/17/2011,NO CATCH,,,,,
6/17/2011,NO CATCH,,,,,
6/17/2011,NO CATCH,,,,,
6/17/2011,NO CATCH,,,,,
6/18/2011,Nurse shark,M,95,,140,E
6/18/2011,Nurse shark,M,100,,143,E
6/18/2011,Nurse shark,M,112,,155,E
6/18/2011,Nurse shark,,,,,
6/18/2011,Nurse shark,M,125,,180,E
6/19/2011,Caribbean reef shark,M,53,60,74,E
6/19/2011,Nurse shark,M,106, ,145,E
6/19/2011,Nurse shark,M,97,,140,E
6/19/2011,Nurse shark,F,159,,220,E
6/20/2011,M.bonaci,,36,,45,
6/20/2011,M.bonaci,,58,,69,
6/20/2011,M.bonaci,,41,,50,
6/20/2011,NO CATCH,,,,,
7/3/2011,Nurse shark,M,75,,110,E
7/4/2011,Caribbean reef shark,M,76,87,107,F
7/4/2011,Caribbean reef shark,M,130,145,175,E
7/4/2011,M. venenosa, ,38,,50,
7/4/2011,M. bonaci, ,58, ,74,
7/4/2011,Nurse shark,F,85, ,111,E
7/4/2011,Nurse shark,F,98, ,133,E
7/4/2011,Caribbean reef shark,M,90,100,120,G
7/4/2011,Nurse shark,M,160, ,219,E
7/4/2011,S. barracuda,,95,108,116,
7/4/2011,Nurse shark,M,110,,158,E
7/4/2011,N. brevirostris,M,105,113,135,E
7/5/2011,Caribbean reef shark,F,69,91,112,E
7/5/2011,NO CATCH,,,,,
7/6/2011,Caribbean reef shark,M,55,62,76,G
7/6/2011,Caribbean reef shark,F,84,94,101,E
7/6/2011,Caribbean reef shark,M,113,124,149,E
7/6/2011,Caribbean reef shark,F,105,121,142,E
7/7/2011,NO CATCH,,,,,
7/13/2011,Nurse shark,M,130,,175,E
7/13/2011,Nurse shark,M,128,,173,E
7/13/2011,L. analis, ,54,63,67, 
7/13/2011,L. analis, ,44,56,60, 
7/14/2011,Caribbean reef shark,M,133,146,179,E
7/15/2011,Nurse shark,M,142,,200,E
7/15/2011,Nurse shark,F,133,,190,E
7/15/2011,Nurse shark,F,140,,205,E
7/15/2011,Nurse shark,F,113,,158,E
7/15/2011,Nurse shark,F,79,,100,E
7/15/2011,Nurse shark,F,,,190,F
7/16/2011,Nurse shark,M,163,,232,E
7/16/2011,Nurse shark,F,95,,134,E
7/23/2011,Nurse shark,M,143,,196,E
7/23/2011,Nurse shark,M,144,,200,E
7/23/2011,Southern stingray,F,,,,E
7/23/2011,Nurse shark,M,160,,220,E
7/23/2011,Nurse shark,F,125,,180,E
7/23/2011,Nurse shark,M,145,,175,E
7/23/2011,Nurse shark,F,130,,170,E
7/23/2011,Nurse shark,M,190,,220,E
7/23/2011,Nurse shark,F,126,,165,E
7/23/2011,Nurse shark,M,139,,159,E
7/23/2011,C. latus,,57,65,75,
7/24/2011,Caribbean reef shark,F,97,106,132,F
7/24/2011,Nurse shark,M,92, ,121,E
7/24/2011,Nurse shark,F,100, ,135,E
7/26/2011,Caribbean reef shark,M,124,140,175,E
7/26/2011,C. latus, ,57,66,75, 
7/26/2011,Caribbean reef shark,M,130,136,168,E
7/26/2011,Caribbean reef shark,F,123,138,161,E
7/26/2011,Caribbean reef shark,F,87,95,115,E
7/26/2011,Caribbean reef shark,M,80,88,110,F
7/27/2011,Caribbean reef shark,M,137,151,186,M
7/27/2011,S. barracuda, ,90,98,107, 
5/22/2012,Caribbean reef shark,M,70,77,92,E
5/22/2012,Caribbean reef shark,F,88,95,116,E
5/22/2012,Caribbean reef shark,F,63,69,85,E
5/22/2012,Caribbean reef shark,F,89,98,120,E
5/23/2012,Caribbean reef shark,F,73,82,99,E
5/23/2012,Caribbean reef shark,M,140,153,187,G
5/23/2012,Nurse shark,F,131,,184,G
5/24/2012,Caribbean reef shark,F,69,75,90,G
5/24/2012,Caribbean reef shark,M,,,190,P
5/24/2012,Caribbean reef shark,M,140,154,188,E
5/24/2012,Caribbean reef shark,M,68,77,92,E
5/24/2012,Nurse shark,F,168,,232,E
5/24/2012,Nurse shark,F,130,,187,E
5/24/2012,Nurse shark,F,129,,188,E
5/24/2012,Nurse shark,F,147,,214,E
5/24/2012,Nurse shark,F,142,,203,E
5/26/2012,Caribbean reef shark,F,90,100,126,E
5/26/2012,Caribbean reef shark,M,62,70,83,E
5/30/2012,Caribbean reef shark,F,140,158,187,E
5/31/2012,Nurse shark,M,145,,227,E
6/1/2012,Caribbean reef shark,N/A,N/A,N/A,N/A,P
6/1/2012,Nurse shark,F,163,,224,E
6/1/2012,Nurse shark,F,121,,174,E
6/1/2012,Nurse shark,M,101,,144,E
6/1/2012,Nurse shark,F,142,,194,E
6/1/2012,Nurse shark,F,117,,164,E
6/2/2012,Caribbean reef shark,F,73,84,100,E
6/2/2012,Nurse shark,M,97,,136,E
6/2/2012,Nurse shark,M,125,,157,E
6/2/2012,Nurse shark,M,95,,141,E
6/2/2012,Nurse shark,M,134,,190,E
6/3/2012,Nurse shark,F,105,,146,E
6/3/2012,Nurse shark,F,88,,120,E
6/4/2012,black tip shark,M,124,137,167,G
6/4/2012,Caribbean reef shark,M,100,109,132,E
6/4/2012,S. mokarran,F,,,235,G
6/4/2012,Nurse shark,M,144,,184,E
6/4/2012,Nurse shark,M,120,,186,E
6/4/2012,Nurse shark,M,85,,140,E
6/7/2012,Caribbean reef shark,M,122,131,159,G
6/7/2012,Nurse shark,F,113,,161,E
6/8/2012,N. brevirostris,F,135,146,167,E
6/8/2012,Nurse shark,F,86.1,,124,E
6/8/2012,Nurse shark,M,100,,137,E
6/8/2012,Nurse shark,M,113,,148,E
6/8/2012,Nurse shark,F,101,,129,E
6/9/2012,Nurse shark,F,145,,203,E
6/9/2012,Nurse shark,F,89,,127,E
6/9/2012,Nurse shark,F,108,,150,E
6/11/2012,C. acronotus,M,,,95,E
6/11/2012,Caribbean reef shark,F,153,170,205,E
6/11/2012,Nurse shark,M,90,,125,E
6/11/2012,Nurse shark,M,113,,160,E
6/11/2012,Nurse shark,M,154,,210,E
6/11/2012,Nurse shark,F,155,,204,E
6/12/2012,Caribbean reef shark,M,140,150,183,E
7/10/2012,Caribbean reef shark,M,56,66,78,E
7/10/2012,Caribbean reef shark,M,58,64,77,E
5/28/2013,Caribbean reef shark,F,103,113,140,E
5/28/2013,Caribbean reef shark,M,100,111,138,E
5/28/2013,Caribbean reef shark,F,125,138,171,G
5/28/2013,Caribbean reef shark,M,138,152,183,G
5/29/2013,Caribbean reef shark,F,69,76,96,E
5/29/2013,Caribbean reef shark,M,69,77,94,E
5/29/2013,Caribbean reef shark,M,68,75,93,G
5/29/2013,Caribbean reef shark,M,70,78,94,
5/30/2013,Caribbean reef shark,F,80,89,100,E
5/31/2013,Caribbean reef shark,F,66,73,88,E
5/31/2013,Caribbean reef shark,F,65,72,85,E
5/31/2013,Caribbean reef shark,M,135,149,181,E
6/3/2013,Caribbean reef shark,F,138,157,188,E
6/3/2013,Caribbean reef shark,M,67,78,93,G
6/3/2013,Caribbean reef shark,M,81,90,102,E
6/4/2013,Caribbean reef shark,M,68,77,92,E
6/4/2013,Caribbean reef shark,M,71,82,95,E
6/4/2013,Caribbean reef shark,F,70,80,95,G
6/5/2013,Caribbean reef shark,F,155,168,204,E
6/6/2013,Caribbean reef shark,F,68,76,92,G
6/7/2013,Caribbean reef shark,M,68,76,92,G
6/7/2013,Caribbean reef shark,F,80,89,100,G
6/7/2013,Caribbean reef shark,M,69,77,97,G
6/8/2013,Caribbean reef shark,,,,,
6/8/2013,Caribbean reef shark,,,,,
6/16/2013,Caribbean reef shark,F,66,75,93,
5/28/2013,Nurse shark,,,,,
5/28/2013,Nurse shark,,,,,
5/28/2013,Nurse shark,M,100,,145,
5/28/2013,Nurse shark,M,100,,140,
5/29/2013,Nurse shark,M,125,n/a,187,E
5/29/2013,Nurse shark,F,130,n/a,175,E
5/29/2013,Nurse shark,M,n/a,n/a,n/a,
5/29/2013,Nurse shark,M,115,n/a,163,G
5/29/2013,Nurse shark,F,111,,149,E
5/29/2013,Nurse shark,F,112,,150,E
5/29/2013,Nurse shark,,,,,
5/29/2013,Nurse shark,M,97,,140,E
5/29/2013,Nurse shark,F,123,,173,E
5/29/2013,Nurse shark,,,,,
6/3/2013,Nurse shark,F,165,,220,E
6/4/2013,Nurse shark,,105,,142,E
6/5/2013,Nurse shark,M,175,,230,E
6/6/2013,Nurse shark,F,150,,210,E
6/6/2013,Nurse shark,M,98,,150,E
6/6/2013,Nurse shark,M,120,,151,E
6/6/2013,Nurse shark,,,,,
6/6/2013,Nurse shark,M,139,,195,E
6/6/2013,Nurse shark,M,137,,194,E
6/6/2013,Nurse shark,M,135,,186,E
6/6/2013,Nurse shark,F,142,,199,E
6/6/2013,Nurse shark,M,119,,169,E
6/7/2013,Nurse shark,M,108,,135,E
6/7/2013,Nurse shark,F,131,,160,E
6/7/2013,Nurse shark,F,,,164,
6/7/2013,Nurse shark,F,112,,176,E
6/13/2013,Nurse shark,F,91,,158,E
6/13/2013,Nurse shark,M,123,,165,E
6/14/2013,Nurse shark,M,105,,150,E
6/14/2013,Nurse shark,M,111,,160,E
6/15/2013,Nurse shark,F,160,,210,E
6/15/2013,Nurse shark,F,200,,230,E
6/15/2013,Nurse shark,F,170,,228,E
6/16/2013,Nurse shark,M,150,,200,E
6/4/2013,Southern stingray,F,,,,
6/4/2013,Southern stingray,F,,,,
6/4/2013,Southern stingray,F,,,,
5/28/2014,Nurse shark,F,na,na,na,na
5/29/2014,na,na,na,na,na,na
5/29/2014,na,na,na,na,na,na
5/29/2014,Nurse shark,M,98,na,142,E
5/29/2014,Nurse shark,F,11,na,171.5,E
5/29/2014,na,na,na,na,na,na
5/29/2014,na,na,na,na,na,na
5/29/2014,Jacked,na,na,na,na,na
5/30/2014,Nurse shark,F,64,na,95,E
5/30/2014,na,na,na,na,na,na
5/30/2014,Nurse shark,M,101,na,155,E
5/30/2014,na,na,na,na,na,na
5/30/2014,na,na,na,na,na,na
5/30/2014,na,na,na,na,na,na
5/30/2014,na,na,na,na,na,na
5/30/2014,na,na,na,na,na,na
5/30/2014,na,na,na,na,na,na
5/30/2014,Nurse shark,M,113,na,166,E
5/30/2014,na,na,na,na,na,na
5/30/2014,na,na,na,na,na,na
5/30/2014,na,na,na,na,na,na
6/7/2014,Nurse shark,M,100,,145,E
6/7/2014,Nurse shark,M,110,,165,E
6/7/2014,Nurse shark,F,103,,146,E
6/7/2014,Nurse shark,M,109,,158,E
6/8/2014,Nurse shark,,,,,E
6/8/2014,Nurse shark,,,,,E
6/8/2014,Nurse shark,F,150,,216,E
6/8/2014,Nurse shark,F,110,,210,E
6/23/2014,Nurse shark,M,154,,228,E
6/23/2014,Nurse shark,M,145,,212,E
6/23/2014,Nurse shark,F,110,,160,E
6/23/2014,Nurse shark,M,160,,228,E
6/24/2014,Nurse shark,M,110,,157,E
6/25/2014,Nurse shark,M,111,,162,E
6/25/2014,Nurse shark,M,159,,227,E
6/25/2014,Nurse shark,M,155,,204,E
6/25/2014,Nurse shark,M,132,,202,E
6/25/2014,Caribbean reef shark,F,167,178,218,E
6/26/2014,Nurse shark,F,142,,200,E
6/26/2014,Nurse shark,M,98,,139,E
6/26/2014,Nurse shark,,106,,161,E
6/27/2014,Nurse shark,M,115,,166,E
7/26/2014,Nurse shark,M,115,,163,E
7/27/2014,Caribbean reef shark,M,78,82,100,F
7/27/2014,Nurse shark,F,139,,205,E
7/27/2014,Nurse shark,M,145,,209,E
7/28/2014,Nurse shark,M,155,,210,E
7/29/2014,Caribbean reef shark,F,92,99,123,E
7/29/2014,Caribbean reef shark,M,75,83,105,E
7/29/2014,Caribbean reef shark,F,70,77,95,E
7/29/2014,Nurse shark,M,143,,208,E
7/29/2014,Nurse shark,M,111,,162,E
7/25/2014,Nurse shark,M,120,,215,E
7/26/2014,Nurse shark,M,160,,225,E
7/28/2014,Nurse shark,M,150,,220,E
,Caribbean reef shark,M,75,83,105,
,Caribbean reef shark,M,75,83,105,
